ano;especie;mun;n_macho_bov;n_macho_bub;n_fem_bov;n_fem_bub;doenca;teste;BRU Nº REAGENTES;BRU Nº POS´S
2014;BOV;Unaí;25;NA;64;NA;TUB;TCC;NA;NA
2014;BOV e BUB;Campo Florido;62;52;1861;2145;BRU e TUB;AAT e TCC;83;4
2014;BOV;Campo Florido;45;NA;4987;NA;BRU e TUB;AAT e TCC;25;NA
2014;BOV;Campo Florido;45;NA;4987;NA;BRU e TUB;AAT e TCC;25;NA
2014;BOV;Caldas;NA;NA;NA;NA;TUB;TCC;NA;NA
2014;BOV;Patos de Minas;8;NA;280;NA;TUB;TCC;NA;NA
2014;BOV;São João Batista do Glória;NA;NA;NA;NA;BRU;AAT;1;NA
2014;BOV;Paraguaçu;NA;NA;NA;NA;TUB;TCC;NA;NA
2014;BOV;PiumhI;3;NA;27;NA;BRU e TUB;AAT e TCC;1;NA
2014;BOV;Araxá;NA;NA;NA;NA;TUB;TCC;NA;NA
2014;BOV;Uberaba;54;NA;2153;NA;TUB;TCC;NA;NA
2014;BOV;Aiuruoca;NA;NA;NA;NA;TUB;TCC;NA;NA
2014;BOV;Barbacena;NA;NA;NA;NA;BRU;AAT e 2ME;NA;2
2014;BOV;Patos de Minas;12;NA;225;NA;TUB;TCC;NA;NA
2014;BUB;Unaí;NA;NA;NA;NA;TUB;TCC;NA;NA
2014;BOV;Nova Ponte;NA;NA;NA;NA;TUB;TCC;NA;NA
2014;BOV;Guimarânia;11;NA;146;NA;TUB;TCC;NA;NA
2014;BOV;Cruzeiro da Fortaleza;0;NA;151;NA;TUB;TCC;NA;NA
2014;BOV;Elói Mendes;NA;NA;NA;NA;TUB;TCC;NA;NA
2014;BOV;Juiz de Fora;NA;NA;NA;NA;TUB;TCS;NA;NA
2014;BOV;Buenópolis;NA;NA;NA;NA;TUB;TCC;NA;NA
2014;BOV;Unaí;NA;NA;NA;NA;TUB;TCC;NA;NA
2014;BOV;Alto Rio Doce;NA;NA;NA;NA;TUB;TCC;NA;NA
2014;BOV;Caldas;2;NA;40;NA;TUB;TCC;NA;NA
2014;BOV;Caldas;11;NA;51;NA;TUB;TCC;NA;NA
2014;BOV;Leopoldina;3;NA;75;NA;TUB;TCC;NA;NA
2014;BOV;Patos de Minas;NA;NA;NA;NA;TUB;TCC;NA;NA
2014;BOV;Patrocínio;NA;NA;NA;NA;TUB;TCC;NA;NA
2014;BOV;São Gonçalo do Sapucaí;NA;NA;NA;NA;BRU;AAT e 2ME;NA;3
2014;BOV;Unaí;8;NA;25;NA;TUB;TCC;NA;NA
2014;BOV;Paraguaçu;NA;NA;NA;NA;TUB;TCC;NA;NA
2014;BOV;Unaí;NA;NA;NA;NA;BRU e TUB;AAT e TCC;1;NA
2014;BOV;Bias Fortes;NA;NA;NA;NA;TUB;TCS;NA;NA
2014;BOV;Alfenas;NA;NA;NA;NA;BRU;AAT e 2ME;1;NA
2014;BOV;Unaí;NA;NA;NA;NA;TUB;TCC;NA;NA
2014;BOV;Alfenas;NA;NA;NA;NA;TUB;TCC;NA;NA
2014;BOV;Unaí;14;NA;89;NA;TUB;TCC;NA;NA
2014;BOV;Arinos;NA;NA;NA;NA;TUB;TCC;NA;NA
2014;BOV;Unaí;NA;NA;NA;NA;TUB;TCC;NA;NA
2014;BOV;Coromandel;NA;NA;NA;NA;BRU;AAT;1;NA
2014;BOV;Nova Ponte;NA;NA;NA;NA;TUB;TCC;NA;NA
2014;BOV;João Pinheiro;58;NA;851;NA;BRU;2ME;5;NA
2014;BOV;Cruzeiro da Fortaleza;1;NA;89;NA;TUB;TCC;NA;NA
2014;BOV;Unaí;2;NA;84;NA;TUB;TCC;NA;NA
2014;BOV;Caldas;NA;NA;NA;NA;BRU;AAT;1;NA
2014;BOV;Campina Verde;NA;NA;NA;NA;BRU e TUB;AAT e TCC;2;NA
2014;BOV;Patrocínio;NA;NA;NA;NA;TUB;TCC;NA;NA
2014;BOV;Muzambinho;NA;NA;NA;NA;BRU e TUB;AAT e TCC;8;NA
2014;BOV;Aiuruoca;NA;NA;NA;NA;TUB;TCS;NA;NA
2014;BOV;Unaí;9;NA;50;NA;TUB;TCC;NA;NA
2013;BOV;Ressaquinha;NA;NA;NA;NA;TUB;TCC;NA;NA
2014;BOV;Carlos Chagas;NA;NA;NA;NA;BRU;AAT;1;NA
2014;BOV;Três Marias;80;NA;139;NA;BRU;AAT;1;NA
2014;BOV;Unaí;NA;NA;NA;NA;TUB;TCC;NA;NA
2014;BOV;Unaí;68;NA;283;NA;TUB;TCC;NA;NA
2014;BOV;Patos de Minas;3;NA;239;NA;TUB;TCC;NA;NA
2014;BOV;Ituiutaba;19;NA;0;NA;BRU;AAT;1;NA
2014;BOV;São Vicente de Minas;NA;NA;NA;NA;TUB;TCC;NA;NA
2014;BOV;Unaí;NA;NA;NA;NA;TUB;TCC;NA;NA
2014;BOV;São José da Varginha;NA;NA;NA;NA;TUB;TCC;NA;NA
2014;BOV;Dom Bosco;16;NA;214;NA;BRU;AAT e 2ME;NA;1
2014;BOV;Unaí;25;NA;134;NA;TUB;TCC;NA;NA
2014;BOV;Caldas;NA;NA;NA;NA;TUB;TCC;NA;NA
2014;BOV;Unaí;NA;NA;NA;NA;TUB;TCC;NA;NA
2014;BOV;Carmo do Paranaíba;2;NA;200;NA;BRU e TUB;AAT e TCC;1;NA
2014;BOV;Turvolândia;NA;NA;NA;NA;BRU;AAT e 2ME;NA;17
2014;BOV;Turvolândia;8;NA;619;NA;BRU;AAT;3;NA
2014;BOV;Ibiá;NA;NA;NA;NA;TUB;TCC;NA;NA
2014;BOV;Ibiá;NA;NA;NA;NA;TUB;TCC;NA;NA
2014;BOV;Recreio;169;NA;338;NA;TUB;TCS;NA;NA
2014;BOV;Unaí;2;NA;23;NA;TUB;TCC;NA;NA
2014;BOV;Unaí;NA;NA;NA;NA;TUB;TCC;NA;NA
2014;BOV;Caldas;NA;NA;NA;NA;BRU e TUB;AAT e TCC;1;NA
2014;BOV;Perdizes;NA;NA;NA;NA;TUB;TCC;NA;NA
2014;BOV;Machado;NA;NA;NA;NA;TUB;TCC;NA;NA
2014;BOV;Machado;NA;NA;NA;NA;TUB;TCC;NA;NA
2014;BOV;Uberlândia;NA;NA;NA;NA;TUB;TCC;NA;NA
2014;BOV;Rio Pomba;NA;NA;NA;NA;TUB;TCS;NA;NA
2014;BOV;Augusto de Lima;NA;NA;NA;NA;TUB;TCC;NA;NA
2014;BOV;Pimenta;NA;NA;NA;NA;BRU e TUB;AAT e TCC;1;NA
2014;BOV;Unaí;8;NA;133;NA;TUB;TCC;NA;NA
2014;BOV;Unaí;4;NA;234;NA;TUB;TCC;NA;NA
2014;BOV;Unaí;11;NA;83;NA;TUB;TCC;NA;NA
2014;BOV;Unaí;11;NA;83;NA;TUB;TCC;NA;NA
2014;BOV;Unaí;NA;NA;NA;NA;TUB;TCC;NA;NA
2014;BOV;Caldas;NA;NA;NA;NA;TUB;TCC;NA;NA
2014;BOV;Itaobim;NA;NA;NA;NA;BRU;AAT;1;NA
2014;BOV;Caldas;NA;NA;NA;NA;TUB;TCC;NA;NA
2014;BOV;Caldas;NA;NA;NA;NA;BRU e TUB;AAT e TCC;2;NA
2014;BOV;Buenópolis;NA;NA;NA;NA;TUB;TCC;NA;NA
2014;BOV;Coromandel;153;NA;262;NA;TUB;TCC;NA;NA
2014;BOV;Unaí;NA;NA;NA;NA;TUB;TCC;NA;NA
2014;BOV;Conceição do Pará;NA;NA;NA;NA;TUB;TCC;NA;NA
2014;BOV;Ibiá;NA;NA;NA;NA;TUB;TCS;NA;NA
2014;BOV;Caldas;NA;NA;NA;NA;BRU e TUB;AAT e TCC;1;NA
2014;BOV;Unaí;0;NA;10;NA;TUB;TCC;NA;NA
2014;BOV;São João da Mata;0;NA;8;NA;TUB;TCC;NA;NA
2014;BOV;Luz;NA;NA;NA;NA;BRU e TUB;AAT e TCC;1;NA
2014;BOV;Caldas;NA;NA;NA;NA;TUB;TCC;NA;NA
2014;BOV;Serro;NA;NA;NA;NA;BRU;AAT;1;NA
2014;BOV;Unaí;9;NA;63;NA;TUB;TCC;NA;NA
2014;BOV;Unaí;NA;NA;NA;NA;TUB;TCC;NA;NA
2014;BOV;Patrocínio;NA;NA;NA;NA;TUB;TCC;NA;NA
2014;BOV;São Gonçalo do Sapucaí;NA;NA;NA;NA;BRU;AAT;1;NA
2014;BOV;Caldas;14;NA;45;NA;TUB;TCC;NA;NA
2014;BOV;São Gonçalo do Sapucaí;NA;NA;NA;NA;BRU;AAT;1;NA
2014;BOV;Boa Esperança;NA;NA;NA;NA;BRU e TUB;AAT e TCC;3;NA
2014;BOV;Serra do Salitre;NA;NA;NA;NA;TUB;TCC;NA;NA
2014;BOV;Juiz de Fora;7;NA;75;NA;BRU;AAT;1;NA
2014;BOV;Unaí;NA;NA;NA;NA;TUB;TCC;NA;NA
2014;BOV;Carangola;NA;NA;NA;NA;BRU;AAT;3;NA
2014;BOV;Caldas;NA;NA;NA;NA;TUB;TCC;NA;NA
2014;BOV;Pedralva;NA;NA;NA;NA;TUB;TCC;NA;NA
2014;BOV;Paraguaçu;NA;NA;NA;NA;TUB;TCC;NA;NA
2014;BOV;Tapira;NA;NA;NA;NA;TUB;TCC;NA;NA
2014;BOV;Tapira;NA;NA;NA;NA;TUB;TCC;NA;NA
2014;BOV;Tapira;NA;NA;NA;NA;TUB;TCC;NA;NA
2014;BOV;Alfenas;NA;NA;NA;NA;BRU;AAT;1;NA
2014;BOV;Alfenas;NA;NA;NA;NA;BRU;AAT e 2ME;NA;1
2014;BOV;Jaboticatubas;29;NA;3;NA;TUB;TCC;NA;NA
2014;BOV;Patrocínio;NA;NA;NA;NA;TUB;TCC;NA;NA
2014;BOV;Itinga;74;NA;138;NA;BRU;AAT;1;NA
2014;BOV;Serrania;NA;NA;NA;NA;BRU;AAT e 2ME;NA;1
2014;BOV;Patrocínio;NA;NA;NA;NA;TUB;TCC;NA;NA
2014;BOV;Caldas;NA;NA;NA;NA;TUB;TCC;NA;NA
2014;BOV;Dom Silvério;NA;NA;NA;NA;TUB;TCC;NA;NA
2014;BOV;Serra do Salitre;0;NA;199;NA;TUB;TCC;NA;NA
2014;BOV;Caldas;NA;NA;NA;NA;BRU;AAT e TCC;1;NA
2013;BOV;Unaí;2144;NA;151;NA;TUB;TCC;NA;NA
2014;BOV;Unaí;NA;NA;NA;NA;TUB;TCC;NA;NA
2014;BOV;Antônio Carlos;49;NA;49;NA;TUB;TCC;NA;NA
2014;BOV;Antônio Carlos;NA;NA;NA;NA;TUB;TCC;NA;NA
2014;BOV;Antônio Carlos;7;NA;55;NA;TUB;TCC;NA;NA
2014;BOV;Unaí;NA;NA;NA;NA;TUB;TCC;NA;NA
2014;BOV;Monte Alegre de Minas;NA;NA;NA;NA;TUB;TCC;NA;NA
2014;BOV;São Geraldo;4;NA;22;NA;BRU;AAT;2;NA
2014;BOV;Lima Duarte;19;NA;141;NA;BRU;AAT;11;NA
2014;BOV;Pedro Leopoldo;3;NA;72;NA;TUB;TCC;NA;NA
2014;BOV;Araxá;NA;NA;NA;NA;TUB;TCS;NA;NA
2014;BOV;Andrelândia;NA;NA;NA;NA;TUB;TCC;NA;NA
2014;BOV;Jesuânia;NA;NA;NA;NA;TUB;TCC;NA;NA
2014;BOV;Ituiutaba;NA;NA;NA;NA;BRU;AAT;4;NA
2014;BOV;São Tomás de Aquino;21;NA;131;NA;TUB;TCS;NA;NA
2014;BOV;Caldas;NA;NA;NA;NA;TUB;TCC;NA;NA
2014;BOV;Carmo do Paranaíba;1;NA;125;NA;TUB;TCC;NA;NA
2014;BOV;Caldas;NA;NA;NA;NA;TUB;TCC;NA;NA
2014;BOV;Leopoldina;0;NA;67;NA;TUB;TCS;NA;NA
2014;BOV;Guapé;NA;NA;NA;NA;TUB;TCC;NA;NA
2014;BOV;Monte Sião;NA;NA;NA;NA;TUB;TCC;NA;NA
2014;BOV;Coqueiral;NA;NA;NA;NA;TUB;TCC;NA;NA
2014;BOV;Caldas;NA;NA;NA;NA;TUB;TCC;NA;NA
2014;BOV;Lagoa Formosa;0;NA;113;NA;TUB;TCC;NA;NA
2014;BOV;Unaí;62;NA;140;NA;TUB;TCC;NA;NA
2014;BOV;Matutina;NA;NA;NA;NA;TUB;TCC;NA;NA
2014;BOV;Monte Alegre de Minas;NA;NA;NA;NA;BRU;AAT;1;NA
2014;BOV;Unaí;4;NA;20;NA;TUB;TCC;NA;NA
2014;BOV;Unaí;1;NA;16;NA;TUB;TCC;NA;NA
2014;BOV;Unaí;1;NA;79;NA;TUB;TCC;NA;NA
2014;BOV;Machado;NA;NA;NA;NA;BRU;AAT e 2ME;NA;1
2014;BOV;Arcos;NA;NA;NA;NA;TUB;TCC;NA;NA
2014;BOV;Ouro Fino;NA;NA;NA;NA;TUB;TCC;NA;NA
2014;BOV;Caldas;NA;NA;NA;NA;TUB;TCC;NA;NA
2014;BOV;Serra do Salitre;131;NA;111;NA;TUB;TCC;NA;NA
2014;BOV;Delta;NA;NA;NA;NA;BRU;AAT;1;NA
2014;BOV;Caldas;NA;NA;NA;NA;TUB;TCC;NA;NA
2014;BOV;Cruzília;1;NA;75;NA;TUB;TCC;NA;NA
2014;BOV;Patrocínio;NA;NA;NA;NA;TUB;TCC;NA;NA
2014;BOV;Inhaúma;252;NA;3043;NA;TUB;TCC;NA;NA
2014;BOV;Serro;73;NA;140;NA;BRU e TUB;AAT e TCC;13;NA
2014;BOV;Unaí;9;NA;194;NA;TUB;TCC;NA;NA
2014;BOV;Abadia dos Dourados;NA;NA;NA;NA;TUB;TCC;NA;NA
2014;BOV;Caldas;2;NA;14;NA;TUB;TCC;NA;NA
2014;BOV;Unaí;NA;NA;NA;NA;TUB;TCC;NA;NA
2014;BOV;Senador Cortes;NA;NA;NA;NA;TUB;TCC;NA;NA
2014;BOV;Argirita;NA;NA;NA;NA;TUB;TCC;NA;NA
2014;BOV;Coromandel;125;NA;225;NA;BRU e TUB;AAT e TCC;2;NA
2014;BOV;Caldas;NA;NA;NA;NA;TUB;TCC;NA;NA
2014;BOV;Bom Despacho;NA;NA;NA;NA;BRU;AAT;22;NA
2014;BOV;Leopoldina;4;NA;17;NA;TUB;TCC;NA;NA
2014;BOV;Vazante;NA;NA;NA;NA;TUB;TCC;NA;NA
2014;BOV;Santa Juliana;46;NA;938;NA;BRU e TUB;AAT e TCC;1;NA
2014;BOV;Juiz de Fora;14;NA;16;NA;TUB;TCS;NA;NA
2014;BOV;Alvorada de Minas;NA;NA;NA;NA;BRU;AAT;1;NA
2014;BOV;Caldas;NA;NA;NA;NA;TUB;TCC;NA;NA
2014;BOV;Uberlândia;53;NA;230;NA;TUB;TCC;NA;NA
2014;BOV;Machado;NA;NA;NA;NA;TUB;TCC;NA;NA
2014;BOV;Caldas;NA;NA;NA;NA;TUB;TCC;NA;NA
2014;BOV;Unaí;NA;NA;NA;NA;TUB;TCC;NA;NA
2014;BOV;Alvorada de Minas;NA;NA;NA;NA;BRU;AAT;1;NA
2014;BOV;Pequeri;NA;NA;NA;NA;BRU e TUB;AAT e TCC;1;NA
2014;BOV;Alto Rio Doce;0;NA;46;NA;TUB;TCC;NA;NA
2014;BOV;Machado;NA;NA;NA;NA;TUB;TCC;NA;NA
2014;BOV;Divinésia;4;NA;16;NA;BRU;AAT;1;NA
2014;BOV;Gurinhatã;6;NA;62;NA;TUB;TCC;NA;NA
2014;BOV;Juiz de Fora;NA;NA;NA;NA;TUB;TCS;NA;NA
2014;BOV;Serra do Salitre;NA;NA;NA;NA;BRU;AAT e 2ME;NA;1
2014;BOV;Itueta;0;NA;23;NA;TUB;TCS;NA;NA
2014;BOV;Pains;NA;NA;NA;NA;TUB;TCC;NA;NA
2014;BOV;Santa Rita de Caldas;NA;NA;NA;NA;TUB;TCC;NA;NA
2014;BOV;Alfenas;NA;NA;NA;NA;BRU;AAT e 2ME;NA;1
2014;BOV;Nova Serrana;NA;NA;NA;NA;TUB;TCC;NA;NA
2014;BOV;Passos;38;NA;159;NA;TUB;TCC;NA;NA
2014;BOV;Passos;NA;NA;NA;NA;TUB;TCC;NA;NA
2015;BOV;Viçosa;0;NA;6;NA;TUB;TCS;NA;NA
2015;BOV;Materlândia;475;NA;115;NA;TUB;TCS;NA;NA
2014;BOV;São José do Goiabal;5;NA;262;NA;BRU e TUB;AAT e TCC;1;NA
2015;BOV;Augusto de Lima;308;NA;378;NA;TUB;TCC;NA;NA
2015;BOV;Serra do Salitre;2;NA;139;NA;BRU e TUB;AAT e 2ME;11;9
2015;BOV;Bela Vista de Minas;NA;NA;NA;NA;BRU;AAT e 2ME;1;NA
2014;BOV;Ladainha;44;NA;106;NA;TUB;TCS;NA;NA
2015;BOV;São Domingos do Prata;8;NA;42;NA;TUB;TCC;NA;NA
2015;BOV;Carmo do Rio Claro;2;NA;555;NA;TUB;TCC;NA;NA
2015;BOV;São José da Varginha;20;NA;49;NA;BRU;2ME;NA;1
2015;BOV;São Sebastião do Paraíso;11;NA;44;NA;TUB;TCC;NA;NA
2015;BOV;Lima Duarte;2;NA;33;NA;BRU;AAT e 2ME;NA;1
2015;BOV;Santo Antônio do Aventureiro;33;NA;38;NA;TUB;TCS;NA;NA
2015;BOV;Argirita;4;NA;102;NA;TUB;TCS;NA;NA
2015;BOV;Abadia dos Dourados;42;NA;249;NA;BRU e TUB;AAT, 2ME e TCC;1;NA
2015;BOV;Guimarânia;21;NA;95;NA;TUB;TCS;NA;NA
2015;BOV;Serra do Salitre;16;NA;126;NA;TUB;TCS;NA;NA
2015;BOV;Serra do Salitre;0;NA;9;NA;TUB;TCS;NA;NA
2015;BOV;Patrocínio;15;NA;65;NA;TUB;TCS;NA;NA
2015;BOV;São José do Goiabal;115;NA;462;NA;TUB;TCC;NA;NA
2010;BOV;Teófilo Otoni;NA;NA;NA;NA;TUB;TCS;NA;NA
2015;BOV;Faria Lemos;56;NA;342;NA;TUB;TCC;NA;NA
2014;BOV;Cruzeiro da Fortaleza;0;NA;151;NA;TUB;TCC;NA;NA
2015;BOV;Cataguases;2;NA;70;NA;TUB;TCS;NA;NA
2015;BOV;Serra do Salitre;2;NA;126;NA;TUB;TCS;NA;NA
2015;BOV;Serra do Salitre;9;NA;95;NA;TUB;TCC;NA;NA
2015;BOV;Serra do Salitre;21;NA;316;NA;TUB;TCS;NA;NA
2015;BOV;Serra do Salitre;5;NA;86;NA;TUB;TCC e TCS;NA;NA
2015;BOV;Cruzeiro da Fortaleza;1;NA;104;NA;TUB;TCS;NA;NA
2015;BOV;Cruzeiro da Fortaleza;25;NA;463;NA;TUB;TCS;NA;NA
2015;BOV;Cruzeiro da Fortaleza;8;NA;100;NA;TUB;TCS;NA;NA
2015;BOV;Recreio;130;NA;328;NA;TUB;TCS;NA;NA
2015;BOV;Cruzeiro da Fortaleza;3;NA;146;NA;TUB;TCC;NA;NA
2015;BOV;Paulistas;1;NA;73;NA;TUB;TCS;NA;NA
2015;BOV;Pimenta;NA;NA;NA;NA;TUB;TCC;NA;NA
2015;BOV;Abadia dos Dourados;29;NA;685;NA;BRU e TUB;AAT e TCC;2;NA
2015;BOV;Pitangui;NA;NA;NA;NA;BRU;AAT;8;NA
2015;BOV;Juiz de Fora;6;NA;69;NA;BRU;AAT e 2ME;2;NA
2015;BOV;Rio Paranaíba;17;NA;23;NA;BRU;AAT e 2ME;3;NA
2015;BOV;Rio Paranaíba;37;NA;1;NA;TUB;TCC;NA;NA
2015;BOV;Juiz de Fora;28;NA;113;NA;TUB;TCS;NA;NA
2015;BOV;Divinésia;0;NA;23;NA;BRU;AAT;1;NA
2015;BOV;Pompéu;36;NA;161;NA;BRU;AAT e 2ME;NA;1
2015;BOV;Prata;6;NA;62;NA;BRU;AAT;7;NA
2015;BOV;Santa Cruz de Salinas;2;NA;10;NA;BRU;AAT e 2ME;NA;1
2015;BOV;Patos de Minas;25;NA;463;NA;TUB;TCC;NA;NA
2015;BOV;Argirita;4;NA;123;NA;BRU e TUB;AAT e TCC;3;NA
2015;BOV;Leopoldina;48;NA;148;NA;TUB;TCS;NA;NA
2015;BOV;Pirapetinga;0;NA;52;NA;TUB;TCS;NA;NA
2015;NA;Leopoldina;NA;NA;NA;NA;TUB;TCC;NA;NA
2015;BOV;Argirita;NA;NA;NA;NA;TUB;TCS;NA;NA
2015;BOV;Leopoldina;1;NA;10;NA;BRU;AAT e 2ME;NA;1
2015;BOV;Recreio;20;NA;73;NA;TUB;TCS;NA;NA
2015;BOV;Leopoldina;48;NA;152;NA;BRU;AAT e 2ME;2;NA
2015;BOV;Argirita;6;NA;14;NA;TUB;TCS;NA;NA
2015;BOV;Argirita;7;NA;82;NA;TUB;TCS;NA;NA
2015;BOV;Uberlândia;1;NA;16;NA;BRU;AAT;1;NA
2015;BOV;Patos de Minas;0;NA;325;NA;TUB;TCC;NA;NA
2015;BOV;Campo Florido;45;NA;4081;NA;BRU e TUB;AAT e TCC;NA;14
2015;BOV;Leopoldina;0;NA;75;NA;TUB;TCS;NA;NA
2015;BOV;Rio Preto;8;NA;50;NA;BRU;AAT e 2ME;1;NA
2015;BOV;Curvelo;2;NA;163;NA;TUB;TCC;NA;NA
2015;BOV;São Joaquim de Bicas;9;NA;23;NA;BRU;AAT;1;NA
2015;BOV;Patrocínio;1;NA;270;NA;TUB;TCC;NA;NA
2015;BOV;Ibiá;7;NA;19;NA;TUB;TCC;NA;NA
2015;BOV;Alto Rio Doce;4;NA;163;NA;BRU;AAT e 2ME;NA;1
2015;BOV;Coromandel;4;NA;103;NA;BRU;AAT e 2ME;1;NA
2015;BOV;Rio Pomba;16;NA;135;NA;TUB;TCS;NA;NA
2015;BOV;Carmo do Paranaíba;9;NA;66;NA;TUB;TCC;NA;NA
2015;BOV;Pará de Minas;4;NA;182;NA;TUB;TCC;NA;NA
2015;BOV;Patrocínio do Muriaé;30;NA;2;NA;TUB;TCS;NA;NA
2015;BOV;Patos de Minas;29;NA;423;NA;TUB;TCC;NA;NA
2015;BOV;Leopoldina;0;NA;59;NA;TUB;TCC;NA;NA
2015;BOV;Uberlândia;4;NA;78;NA;BRU;AAT;1;NA
2015;BOV;Leopoldina;3;NA;77;NA;TUB;TCS;NA;NA
2015;BOV;Carmo do Paranaíba;2;NA;9;NA;BRU;AAT;4;NA
2015;BOV;Argirita;5;NA;18;NA;TUB;TCS;NA;NA
2015;BOV;Leopoldina;3;NA;24;NA;TUB;TCC;NA;NA
2015;BOV;Leopoldina;147;NA;106;NA;BRU;AAT e 2ME;1;NA
2015;BOV;Viçosa;NA;NA;NA;NA;BRU;AAT;10;NA
2015;BOV;São José da Lapa;13;NA;69;NA;TUB;TCC;NA;NA
2015;BOV;Juiz de Fora;7;NA;75;NA;BRU;AAT;1;NA
2015;BOV;Ritápolis;4;NA;62;NA;TUB;TCS;NA;NA
2015;BOV;Juiz de Fora;0;NA;30;NA;BRU;AAT e 2ME;NA;1
2015;BOV;Alto Rio Doce;4;NA;28;NA;TUB;TCC;NA;NA
2015;BOV;Senhora dos Remédios;3;NA;76;NA;TUB;TCC;NA;NA
2015;BOV;São João Batista do Glória;49;NA;125;NA;BRU e TUB;AAT e TCC;1;NA
2015;BOV;Campestre;5;NA;13;NA;TUB;TCC;NA;NA
2015;BOV;Conceição da Aparecida;2;NA;26;NA;BRU;AAT;1;NA
2015;BOV;Bandeira do Sul;37;NA;106;NA;TUB;TCC;NA;NA
2015;BOV;Pratápolis;5;NA;13;NA;BRU e TUB;AAT e TCC;1;NA
2015;BOV;Areado;29;NA;188;NA;BRU;AAT;1;NA
2015;BOV;Poço Fundo;NA;NA;NA;NA;TUB;TCC;NA;NA
2015;BOV;Caldas;21;NA;33;NA;TUB;TCC;NA;NA
2015;BOV;Caldas;6;NA;7;NA;TUB;TCC;NA;NA
2015;BOV;Caldas;NA;NA;NA;NA;TUB;TCC;NA;NA
2015;BOV;Caldas;4;NA;15;NA;BRU;AAT e 2ME;1;NA
2015;BOV;Caldas;18;NA;98;NA;TUB;TCC;NA;NA
2015;BOV;Caldas;12;NA;47;NA;TUB;TCC;NA;NA
2015;BOV;Caldas;3;NA;10;NA;TUB;TCC;NA;NA
2015;BOV;Caldas;NA;NA;NA;NA;TUB;TCC;NA;NA
2015;BOV;Machado;6;NA;22;NA;TUB;TCC;NA;NA
2015;BOV;Machado;NA;NA;20;NA;TUB;TCC;NA;NA
2015;BOV;Caldas;6;NA;20;NA;TUB;TCC;NA;NA
2015;BOV;Poço Fundo;NA;NA;18;NA;TUB;TCC;NA;NA
2015;BOV;Caldas;18;NA;83;NA;TUB;TCC;NA;NA
2015;BOV;São João da Mata;78;NA;127;NA;TUB;TCC;NA;NA
2015;BOV;Caldas;4;NA;13;NA;TUB;TCC;NA;NA
2015;BOV;Machado;12;NA;64;NA;BRU;AAT e 2ME;1;NA
2015;BOV;Machado;12;NA;64;NA;BRU;AAT;1;NA
2015;BOV;Machado;12;NA;64;NA;BRU;AAT;1;NA
2015;BOV;Caldas;15;NA;76;NA;TUB;TCC;NA;NA
2015;BOV;Caldas;13;NA;31;NA;BRU;AAT;1;NA
2015;BOV;Santa Rita de Caldas;21;NA;21;NA;TUB;TCC;NA;NA
2015;BOV;Caldas;11;NA;14;NA;TUB;TCC;NA;NA
2015;BOV;Caldas;9;NA;19;NA;TUB;TCC;NA;NA
2015;BOV;Caldas;49;NA;78;NA;TUB;TCC;NA;NA
2015;BOV;Caldas;2;NA;79;NA;BRU;AAT/2ME;NA;1
2015;BOV;Caldas;6;NA;20;NA;BRU;AAT;1;NA
2015;BOV;Caldas;2;NA;44;NA;TUB;TCC;NA;NA
2015;BOV;Caldas;4;NA;22;NA;TUB;TCC;NA;NA
2015;BOV;Caldas;0;NA;118;NA;TUB;TCC;NA;NA
2015;BOV;Baependi;5;NA;34;NA;TUB;TCC;NA;NA
2015;BOV;Turvolândia;3;NA;653;NA;TUB;TCC;NA;NA
2015;BOV;Cruzília;NA;NA;NA;NA;TUB;TCS;NA;NA
2015;BOV;Itamonte;22;NA;32;NA;TUB;TCC;NA;NA
2015;BOV;Unaí;29;NA;255;NA;TUB;TCC;NA;NA
2015;BOV;Unaí;NA;NA;NA;NA;TUB;TCC;NA;NA
2015;BOV;Unaí;14;NA;213;NA;TUB;TCC;NA;NA
2015;BOV;Unaí;10;NA;98;NA;TUB;TCC;NA;NA
2015;BOV;Buritis;1;NA;235;NA;BRU e TUB;"AAT e 2ME; TCC";NA;1
2015;BOV;Unaí;20;NA;69;NA;TUB;TCC;NA;NA
2015;BOV;Unaí;14;NA;60;NA;TUB;TCC;NA;NA
2015;BOV;Paracatu;2;NA;112;NA;TUB;TCC;NA;NA
2015;BOV;Unaí;14;NA;26;NA;TUB;TCC;NA;NA
2015;BOV;Unaí;11;NA;63;NA;BRU;AAT e 2ME;NA;1
2015;BOV;Unaí;28;NA;107;NA;TUB;TCC;NA;NA
2015;BOV;Unaí;6;NA;26;NA;TUB;TCC;NA;NA
2015;BOV;Unaí;30;NA;336;NA;TUB;TCC;NA;NA
2015;BOV;Unaí;8;NA;34;NA;TUB;TCC;NA;NA
2015;BOV;Unaí;210;NA;420;NA;TUB;TCC;NA;NA
2015;BOV;Unaí;89;NA;189;NA;BRU e TUB;AAT, 2ME e TCC;NA;NA
2015;BOV;Brasilândia de Minas;82;NA;109;NA;BRU;AAT;13;NA
2015;BOV;Unaí;4;NA;262;NA;TUB;TCC;NA;NA
2015;BOV;Buritis;1;NA;147;NA;TUB;TCC;NA;NA
2015;BOV;Unaí;123;NA;322;NA;TUB;TCC;NA;NA
2015;BOV;Unaí;84;NA;185;NA;TUB;TCC;NA;NA
2015;BOV;Unaí;23;NA;3;NA;TUB;TCC;NA;NA
2015;BOV;Unaí;5;NA;105;NA;TUB;TCC;NA;NA
2015;BOV;Unaí;24;NA;158;NA;TUB;TCC;NA;NA
2015;BOV;Buritis;14;NA;38;NA;TUB;TCC;NA;NA
2015;BOV;Unaí;12;NA;116;NA;TUB;TCC;NA;NA
2015;BOV;Unaí;50;NA;302;NA;TUB;TCC;NA;NA
2015;BOV;Unaí;86;NA;292;NA;TUB;TCC;NA;NA
2015;BOV;Unaí;13;NA;111;NA;TUB;TCC;NA;NA
2015;BOV;Buritis;NA;NA;NA;NA;TUB;TCC;NA;NA
2015;BOV;Unaí;95;NA;149;NA;BRU;AAT e 2ME;1;NA
2015;BOV;Buritis;11;NA;196;NA;TUB;TCC;NA;NA
2015;BOV;Unaí;0;NA;1;NA;TUB;TCC;NA;NA
2015;BOV;Unaí;24;NA;109;NA;TUB;TCC;NA;NA
2015;BOV;Unaí;15;NA;121;NA;TUB;TCC;NA;NA
2015;BOV;Unaí;7;NA;244;NA;TUB;TCC;NA;NA
2015;BOV;Unaí;2;NA;139;NA;TUB;TCC;NA;NA
2015;BOV;Unaí;1;NA;225;NA;TUB;TCC;NA;NA
2015;BOV;Unaí;2;NA;69;NA;TUB;TCC;NA;NA
2015;BOV;Unaí;0;NA;257;NA;TUB;TCC;NA;NA
2015;BOV;Unaí;2;NA;101;NA;TUB;TCC;NA;NA
2015;BOV;Unaí;13;NA;245;NA;TUB;TCC;NA;NA
2015;BOV;Unaí;333;NA;708;NA;TUB;TCC;NA;NA
2015;BOV;Unaí;11;NA;289;NA;TUB;TCC;NA;NA
2015;BOV;Unaí;15;NA;92;NA;TUB;TCC;NA;NA
2015;BOV;Unaí;0;NA;77;NA;BRU;AAT;1;NA
2015;BOV;Dom Bosco;NA;NA;NA;NA;TUB;TCC;NA;NA
2015;BOV;Unaí;30;NA;148;NA;TUB;TCC;NA;NA
2015;BOV;Unaí;27;NA;66;NA;TUB;TCC;NA;NA
2015;BOV;Unaí;2;NA;36;NA;TUB;TCC;NA;NA
2015;BOV;Unaí;71;NA;15;NA;TUB;TCC;NA;NA
2015;BOV;Buritis;22;NA;574;NA;BRU e TUB;"AAT e 2ME; TCC";1;NA
2015;BOV;Unaí;40;NA;393;NA;TUB;TCC;NA;NA
2015;BOV;Dom Bosco;NA;NA;NA;NA;TUB;TCC;NA;NA
2015;BOV;Unaí;27;NA;150;NA;TUB;TCC;NA;NA
2014;BOV;Unaí;5;NA;161;NA;TUB;TCC;NA;NA
2015;BOV;Unaí;NA;NA;NA;NA;TUB;TCC;NA;NA
2015;BOV;Unaí;506;NA;882;NA;TUB;TCC;NA;NA
2015;BOV;Unaí;19;NA;184;NA;TUB;TCC;NA;NA
2015;BOV;Unaí;2;NA;134;NA;BRU e TUB;AAT e TCC;1;NA
2015;BOV;Unaí;1;NA;78;NA;TUB;TCC;NA;NA
2015;BOV;Buritis;1;NA;75;NA;TUB;TCC;NA;NA
2015;BOV;Unaí;5;NA;39;NA;TUB;TCC;NA;NA
2015;BOV;Unaí;36;NA;51;NA;TUB;TCC;NA;NA
2016;BOV;Patos de Minas;28;NA;87;NA;TUB;TCC;NA;NA
2016;BOV;Uberlândia;6;NA;79;NA;BRU;AAT e 2ME;1;NA
2016;BOV;Uberaba;20;NA;136;NA;BRU;AAT;3;NA
2016;BOV;Bom Despacho;16;NA;379;NA;TUB;TCC;NA;NA
2016;BOV;Volta Grande;4;NA;104;NA;TUB;TCC;NA;NA
2016;BOV;Argirita;17;NA;71;NA;TUB;TCC;NA;NA
2016;BOV;Serranos;10;NA;230;NA;TUB;TCC;NA;NA
2016;BOV;Argirita;20;NA;6;NA;TUB;TCC ;NA;NA
2016;BOV;Taparuba;0;NA;77;NA;TUB;TCS;NA;NA
2016;BOV;Pocrane;25;NA;183;NA;BRU E TUB;AAT E TCS;1;NA
2016;BOV;Ituiutaba;0;NA;22;NA;BRU E TUB;AAT e TCS;1;NA
2016;BOV;Coromandel;64;NA;504;NA;BRU E TUB;AAT e TCC;5;NA
2016;BOV;Patrocínio;0;NA;153;NA;TUB;TCC;NA;NA
2016;BOV;Patos de Minas;320;NA;136;NA;BRU;AAT;2;NA
2016;BOV;Cordisburgo;16;NA;206;NA;BRU;AAT e 2ME;NA;1
2016;BOV;Leopoldina;8;NA;82;NA;BRU;AAT;4;NA
2016;BOV;Leopoldina;23;NA;57;NA;TUB;TCC;NA;NA
2016;BOV;Esmeraldas;0;NA;293;NA;TUB;TCC;NA;NA
2016;BOV;Juiz de Fora;8;NA;24;NA;TUB;TCS;NA;NA
2016;BOV;Tocantins;0;NA;7;NA;BRU;AAT ;1;NA
2016;BOV;Patrocínio;6;NA;38;NA;BRU E TUB;AAT e TCC;1;NA
2016;BOV;Araçuaí;57;NA;209;NA;TUB;TCS;NA;NA
2016;BOV;Araxá;4;NA;74;NA;TUB;TCC;NA;NA
2016;BOV;Rochedo de Minas;20;NA;77;NA;TUB;TCC;NA;NA
2016;BOV;Campo Florido;523;NA;297;NA;BRU E TUB;AAT e TPC;18;NA
2016;BOV;Arcos;1;NA;116;NA;TUB;TCC;NA;NA
2016;BOV;Araújos;12;NA;194;NA;TUB;TCC;NA;NA
2016;BOV;Uberaba;148;NA;52;NA;BRU;AAT;1;NA
2016;BOV;Jaboticatubas;0;NA;3;NA;TUB;TCC;NA;NA
2016;BOV;Santa Bárbara do Monte Verde;11;NA;53;NA;BRU;AAT;1;NA
2016;BOV;Juiz de Fora;53;NA;264;NA;TUB;TCS;NA;NA
2016;BOV;Patrocínio;0;NA;21;NA;TUB;TCC;NA;NA
2016;BOV;Uberaba;5190;NA;7;NA;TUB;TPC;NA;NA
2016;BOV;Vazante;27;NA;33;NA;TUB;TCS;NA;NA
2016;BOV;Ferros;328;NA;117;NA;TUB;TCS;NA;NA
2016;BOV;Guanhães;18;NA;126;NA;TUB;TCS;NA;NA
2016;BOV;Materlândia;3;NA;200;NA;TUB;TCS;NA;NA
2016;BOV;Paulistas;101;NA;197;NA;TUB;TCS;NA;NA
2016;BOV;Argirita;107;NA;55;NA;TUB;TCC;NA;NA
2016;BOV;Leopoldina;3;NA;29;NA;TUB;TCS;NA;NA
2016;BOV;Santa Bárbara do Monte Verde;14;NA;94;NA;BRU;AAT ;NA;4
2016;BOV;Rio Vermelho;11;NA;54;NA;TUB;TCS;NA;NA
2016;BOV;Delta;100;NA;26;NA;BRU;AAT ;1;NA
2016;BOV;Itabirito;19;NA;120;NA;TUB;TCS;NA;NA
2016;BOV;Carlos Chagas;778;NA;4233;NA;BRU E TUB;AAT e  TCS;1;NA
2016;BOV;Patos de Minas;49;NA;103;NA;TUB;TCS;NA;NA
2016;BOV;Patos de Minas;22;NA;433;NA;TUB;TCC;NA;NA
2016;BOV;Leopoldina;3;NA;29;NA;TUB;TCC;NA;NA
2016;BOV;Lagoa Formosa;3;NA;169;NA;TUB;TCC;NA;NA
2016;BOV;Casa Grande;0;NA;94;NA;TUB;TCC;NA;NA
2016;BOV;Carlos Chagas;2;NA;21;NA;TUB;TCS;NA;NA
2016;BOV;Recreio;28;NA;124;NA;TUB;TCC;NA;NA
2016;BOV;Sacramento;13;NA;42;NA;BRU;AAT;3;NA
2016;BOV;Santa Maria de Itabira;80;NA;137;NA;TUB;TCC;NA;NA
2016;BOV;Lagoa Dourada;24;NA;181;NA;TUB;TCC;NA;NA
2016;BOV;Monte Santo de Minas;279;NA;563;NA;TUB;TCC;NA;NA
2016;BOV;Monte Santo de Minas;279;NA;560;NA;TUB;TCC;NA;NA
2016;BOV;São João Batista do Glória;0;NA;215;NA;TUB;TCC;NA;NA
2016;BOV;Machado;NA;NA;19;NA;TUB;TCC;NA;NA
2016;BOV;Caldas;11;NA;59;NA;TUB;TCC;NA;NA
2016;BOV;Silvianópolis;2;NA;13;NA;TUB;TCC;NA;NA
2016;BOV;Caldas;3;NA;14;NA;TUB;TCC;NA;NA
2016;BOV;Caldas;3;NA;12;NA;TUB;TCC;NA;NA
2016;BOV;Gonçalves;71;NA;155;NA;TUB;TCC;NA;NA
2016;BOV;Machado;12;NA;64;NA;BRU;AAT;1;NA
2016;BOV;Caldas;19;NA;46;NA;TUB;TCC;NA;NA
2016;BOV;Caldas;2;NA;68;NA;TUB;TCC;NA;NA
2016;BOV;Caldas;6;NA;16;NA;BRU;AAT;2;NA
2016;BOV;Caldas;51;NA;106;NA;BRU;AAT;1;NA
2016;BOV;Poço Fundo;6;NA;13;NA;TUB;TCC ;NA;NA
2016;BOV;Unaí;16;NA;116;NA;TUB;TCC;NA;NA
2016;BOV;Paracatu;89;NA;189;NA;TUB;TCC;NA;NA
2016;BOV;Unaí;67;NA;253;NA;BRU e TUB;AAT e TCC;1;NA
2016;BOV;Unaí;1710;NA;200;NA;TUB;TCC;NA;NA
2016;BOV;Unaí;82;NA;402;NA;TUB;TCC;NA;NA
2016;BOV;Unaí;4;NA;164;NA;TUB;TCC;NA;NA
2016;BOV;Cabeceira Grande;132;NA;304;NA;BRU;AAT  ;2;NA
2016;BOV;Unaí;3;NA;164;NA;TUB;TCC;NA;NA
2016;BOV;Unaí;14;NA;366;NA;TUB;TCC;NA;NA
2016;BOV;Unaí;2;NA;21;NA;TUB;TCC;NA;NA
2016;BOV;Unaí;57;NA;303;NA;TUB;TCC;NA;NA
2016;BOV;Unaí;2;NA;99;NA;TUB;TCC;NA;NA
2016;BOV;João Pinheiro;177;NA;425;NA;BRU;AAT;2;NA
2016;BOV;Cabeceira Grande;132;NA;304;NA;BRU;AAT;2;NA
2016;BOV;Unaí;23;NA;170;NA;TUB;TCC;NA;NA
2016;BOV;Cabeceira Grande;25;NA;88;NA;TUB;TCC;NA;NA
2016;BOV;Cabeceira Grande;17;NA;42;NA;TUB;TCC;NA;NA
2016;BOV;Unaí;27;NA;306;NA;TUB;TCC;NA;NA
2016;BOV;Unaí;6;NA;190;NA;TUB;TCC;NA;NA
2016;BOV;Cabeceira Grande;112;NA;268;NA;BRU;AAT;1;NA
2016;BOV;Unaí;7;NA;17;NA;TUB;TCS;NA;NA
2016;BOV;Unaí;2195;NA;24;NA;TUB;TCC;NA;NA
2016;BOV;Unaí;10;NA;57;NA;TUB;TCS;NA;NA
2016;BOV;Unaí;11;NA;69;NA;TUB;TCS;NA;NA
2016;BOV;Uruana de Minas;56;NA;451;NA;BRU;AAT;1;NA
2016;BOV;Unaí;10;NA;63;NA;BRU;AAT;2;NA
2016;BOV;Unaí;0;NA;36;NA;TUB;TCS;NA;NA
2016;BOV;Unaí;9;NA;46;NA;TUB;TCS;NA;NA
2016;BOV;Unaí;29;NA;58;NA;TUB;TCC;NA;NA
2016;BOV;Unaí;3;NA;108;NA;TUB;TCC;NA;NA
2016;BOV;Unaí;134;NA;503;NA;TUB;TCC;NA;NA
2016;BOV;Unaí;84;NA;72;NA;TUB;TCC;NA;NA
2016;BOV;Unaí;30;NA;235;NA;BRU;AAT;1;NA
2016;BOV;Unaí;5;NA;134;NA;BRU;AAT;1;NA
2016;BOV;Buritis;1;NA;215;NA;TUB;TCC;NA;NA
2016;BOV;Itamonte;7;NA;11;NA;TUB;TCC;NA;NA
2016;BOV;Itamonte;1;NA;91;NA;BRU e TUB;TCC/AAT;4;NA
2016;BOV;Natércia;9;NA;274;NA;BRU;AAT;3;NA
2016;BOV;Jesuânia;1;NA;730;NA;TUB;TCC;NA;NA
2017;BOV;Serra do Salitre;2;NA;80;NA;BRU e TUB;AAT e TCC;1;NA
2017;BOV;Iguatama;0;NA;2;NA;BRU;2ME;NA;2
2017;BOV;Argirita;1;NA;37;NA;TUB;TCC;NA;NA
2017;BOV;Argirita;1;NA;26;NA;TUB;TCC;NA;NA
2017;BOV;Volta Grande;27;NA;133;NA;TUB;TCC;NA;NA
2017;BOV;Uberlândia;41;NA;188;NA;BRU;AAT;1;NA
2017;BOV;Lagoa Formosa;23;NA;201;NA;TUB;TCC;NA;NA
2017;BOV;Unaí;1;NA;37;NA;BRU;AAT;1;NA
2017;BOV;Unaí;5;NA;70;NA;TUB;TCC;NA;NA
2017;BOV;Unaí;17;NA;52;NA;TUB;TCC;NA;NA
2017;BOV;Unaí;16;NA;35;NA;TUB;TCC;NA;NA
2017;BOV;Unaí;205;NA;391;NA;BRU;AAT;1;NA
2017;BOV;Urucuia;7;NA;122;NA;BRU;AAT;1;NA
2017;BOV;Arinos;NA;NA;NA;NA;BRU;AAT;1;NA
2017;BOV;Unaí;2443;NA;188;NA;TUB;TCC;NA;NA
2017;BOV;Unaí;11;NA;112;NA;TUB;TCC;NA;NA
2017;BOV;Unaí;26;NA;83;NA;TUB;TCC;NA;NA
2017;BOV;Unaí;4;NA;14;NA;BRU;AAT;1;NA
2017;BOV;Unaí;7;NA;182;NA;TUB;TCC;NA;NA
2017;BOV;Caldas;10;NA;71;NA;TUB;TCC;NA;NA
2017;BOV;Caldas;19;NA;22;NA;TUB;TCC;NA;NA
2017;BOV;Brasilândia de Minas;2;NA;55;NA;BRU;AAT;1;NA
2017;BOV;Lagoa Formosa;39;NA;91;NA;TUB;TCC;NA;NA
2017;BOV;Uberaba;5655;NA;6;NA;TUB;TPC;NA;NA
2017;BOV;Unaí;18;NA;62;NA;TUB;TCC;NA;NA
2017;BOV;Unaí;3;NA;224;NA;TUB;TCC;NA;NA
2017;BOV;Unaí;145;NA;450;NA;BRU;AAT;1;NA
2017;BOV;Unaí;10;NA;71;NA;TUB;TCC;NA;NA
2017;BOV;Unaí;2;NA;47;NA;TUB;TCC;NA;NA
2017;BOV;Arapuá;22;NA;419;NA;TUB;TCS;NA;NA
2017;BOV;Uberaba;6843;NA;7;NA;TUB;TPC;NA;NA
2017;BOV;Argirita;1;NA;26;NA;TUB;TCC;NA;NA
2017;BOV;Juiz de Fora;7;NA;12;NA;TUB;TCS;NA;NA
2017;BOV;Unaí;325;NA;341;NA;BRU e TUB;AAT E TCC;1;NA
2017;BOV;Unaí;12;NA;210;NA;TUB;TCC;NA;NA
2017;BOV;Caldas;19;NA;74;NA;TUB;TCC;NA;NA
2017;BOV;Baependi;NA;NA;NA;NA;TUB;TCC;NA;NA
2017;BOV;Lagoa da Prata;3;NA;221;NA;TUB;TCC;NA;NA
2017;BOV;Serra do Salitre;2;NA;57;NA;BRU e TUB;AAT e TCC;1;NA
2017;BOV;Silvianópolis;10;NA;54;NA;TUB;TCS;NA;NA
